,Date,Open,High,Low,Close,Adj Close,Volume,date
0,2020-02-03,28319.650391000003,28630.390625,28319.650391000003,28399.810547000005,28399.810547000005,3079100,2020-02-03
1,2020-02-04,28696.740233999997,28904.880858999997,28696.740233999997,28807.630858999997,28807.630858999997,3327500,2020-02-04
2,2020-02-05,29048.730469,29308.890625,29000.849608999997,29290.849608999997,29290.849608999997,3575400,2020-02-05
3,2020-02-06,29388.580077999995,29408.050781,29246.929688,29379.769531,29379.769531,2637000,2020-02-06
4,2020-02-07,29286.919922000005,29286.919922000005,29056.980469,29102.509766000003,29102.509766000003,2528600,2020-02-07
5,2020-02-10,28995.660156,29278.070313,28995.660156,29276.820313,29276.820313,2505100,2020-02-10
6,2020-02-11,29390.710938,29415.390625,29210.470702999995,29276.339844,29276.339844,2795400,2020-02-11
7,2020-02-12,29406.75,29568.570313,29406.75,29551.419922000005,29551.419922000005,3095300,2020-02-12
8,2020-02-13,29436.029297000005,29535.400391000003,29345.929688,29423.310547000005,29423.310547000005,2911500,2020-02-13
9,2020-02-14,29440.470702999995,29463.039063,29283.179688,29398.080077999995,29398.080077999995,2310000,2020-02-14
10,2020-02-18,29282.779297000005,29330.160156,29116.810547000005,29232.189452999995,29232.189452999995,2566000,2020-02-18
11,2020-02-19,29312.699219,29409.089844,29274.380858999997,29348.029297000005,29348.029297000005,2406400,2020-02-19
12,2020-02-20,29296.25,29368.449219,28959.650391000003,29219.980469,29219.980469,2877800,2020-02-20
13,2020-02-21,29146.529297000005,29146.529297000005,28892.699219,28992.410156,28992.410156,3112100,2020-02-21
14,2020-02-24,28402.929688,28402.929688,27912.439452999995,27960.800781,27960.800781,4525800,2020-02-24
15,2020-02-25,28037.650391000003,28149.199219,26997.619141000003,27081.359375,27081.359375,5132700,2020-02-25
16,2020-02-26,27159.460938,27542.779297000005,26890.970702999995,26957.589844,26957.589844,4724500,2020-02-26
17,2020-02-27,26526.0,26775.310547,25752.820313,25766.640625,25766.640625,6649800,2020-02-27
18,2020-02-28,25270.830078,25494.240234,24681.009766,25409.359375,25409.359375,9159900,2020-02-28
19,2020-03-02,25590.509766,26706.169922,25391.960938,26703.320313,26703.320313,6372000,2020-03-02
20,2020-03-03,26762.470703,27084.589844,25706.279297,25917.410156,25917.410156,6470800,2020-03-03
21,2020-03-04,26383.679688,27102.339844,26286.310547,27090.859375,27090.859375,4575900,2020-03-04
22,2020-03-05,26671.919922,26671.919922,25943.330078,26121.279297,26121.279297,4773700,2020-03-05
23,2020-03-06,25457.210938,25994.380859,25226.619141,25864.779297,25864.779297,5997800,2020-03-06
24,2020-03-09,24992.359375,24992.359375,23706.070313,23851.019531,23851.019531,7504300,2020-03-09
25,2020-03-10,24453.0,25020.990234,23690.339844,25018.160156,25018.160156,6548600,2020-03-10
26,2020-03-11,24604.630859,24604.630859,23328.320313,23553.220703,23553.220703,6639600,2020-03-11
27,2020-03-12,22184.710938,22837.949219,21154.460938,21200.619141,21200.619141,9082600,2020-03-12
28,2020-03-13,21973.820313,23189.759766,21285.369141,23185.619141,23185.619141,8430800,2020-03-13
29,2020-03-16,20917.529297,21768.279297,20116.460938,20188.519531,20188.519531,7701300,2020-03-16
30,2020-03-17,20487.050781,21379.349609,19882.259766,21237.380859,21237.380859,7930600,2020-03-17
31,2020-03-18,20188.689453,20489.330078,18917.460938,19898.919922,19898.919922,8713600,2020-03-18
32,2020-03-19,19830.009766,20442.630859,19177.130859,20087.189453,20087.189453,7803000,2020-03-19
33,2020-03-20,20253.150391,20531.259766,19094.269531,19173.980469,19173.980469,8722900,2020-03-20
34,2020-03-23,19028.359375,19121.009766,18213.650391,18591.929688,18591.929688,7879700,2020-03-23
35,2020-03-24,19722.189453,20737.699219,19649.25,20704.910156,20704.910156,7993400,2020-03-24
36,2020-03-25,21050.339844,22019.929688,20538.339844,21200.550781,21200.550781,7963200,2020-03-25
37,2020-03-26,21468.380859,22595.060547,21427.099609,22552.169922,22552.169922,7051800,2020-03-26
38,2020-03-27,21898.470703,22327.570313,21469.269531,21636.779297,21636.779297,5888300,2020-03-27
39,2020-03-30,21678.220703,22378.089844,21522.080078,22327.480469,22327.480469,5455400,2020-03-30
40,2020-03-31,22208.419922,22480.369141,21852.080078,21917.160156,21917.160156,5712100,2020-03-31
41,2020-04-01,21227.380859,21487.240234,20784.429688,20943.509766,20943.509766,5066800,2020-04-01
42,2020-04-02,20819.460938,21477.769531,20735.019531,21413.439453,21413.439453,5295400,2020-04-02
43,2020-04-03,21285.929688,21447.810547,20863.089844,21052.529297,21052.529297,4500100,2020-04-03
44,2020-04-06,21693.630859,22783.449219,21693.630859,22679.990234,22679.990234,6107600,2020-04-06
45,2020-04-07,23537.439453,23617.240234,22634.449219,22653.859375,22653.859375,5946600,2020-04-07
46,2020-04-08,22893.470703,23513.400391,22682.990234,23433.570313,23433.570313,4727400,2020-04-08
47,2020-04-09,23690.660156,24008.990234,23504.089844,23719.369141,23719.369141,5664000,2020-04-09
48,2020-04-13,23698.929688,23698.929688,23095.349609,23390.769531,23390.769531,3943200,2020-04-13
49,2020-04-14,23690.570313,24040.580078,23683.439453,23949.759766,23949.759766,4859100,2020-04-14
50,2020-04-15,23600.720703,23649.720703,23233.320313,23504.349609,23504.349609,4376300,2020-04-15
51,2020-04-16,23543.660156,23598.080078,23211.380859,23537.679688,23537.679688,4710500,2020-04-16
52,2020-04-17,23817.150391,24264.210938,23817.150391,24242.490234,24242.490234,5259500,2020-04-17
53,2020-04-20,24095.099609,24108.689453,23627.189453,23650.439453,23650.439453,4234100,2020-04-20
54,2020-04-21,23365.25,23365.25,22941.880859,23018.880859,23018.880859,4851400,2020-04-21
55,2020-04-22,23437.339844,23613.099609,23339.599609,23475.820313,23475.820313,3528800,2020-04-22
56,2020-04-23,23543.089844,23885.359375,23483.349609,23515.259766,23515.259766,3892900,2020-04-23
57,2020-04-24,23628.240234,23826.0,23417.679688,23775.269531,23775.269531,3760200,2020-04-24
58,2020-04-27,23866.150391,24207.650391,23840.609375,24133.779297,24133.779297,3893900,2020-04-27
59,2020-04-28,24357.169922,24512.240234,24031.199219,24101.550781,24101.550781,4002500,2020-04-28
60,2020-04-29,24490.369141,24764.769531,24453.990234,24633.859375,24633.859375,4552900,2020-04-29
61,2020-04-30,24585.570313,24585.570313,24186.900391,24345.720703,24345.720703,4878400,2020-04-30
62,2020-05-01,24120.779297,24120.779297,23645.300781,23723.689453,23723.689453,4181600,2020-05-01
63,2020-05-04,23581.550781,23769.560547,23361.160156,23749.759766,23749.759766,3553600,2020-05-04
64,2020-05-05,23958.880859,24169.720703,23868.910156,23883.089844,23883.089844,3697100,2020-05-05
65,2020-05-06,23978.880859,24054.589844,23661.140625,23664.640625,23664.640625,3774500,2020-05-06
66,2020-05-07,23837.210938,24094.619141,23834.390625,23875.890625,23875.890625,3698900,2020-05-07
67,2020-05-08,24107.820313,24349.900391,24107.050781,24331.320313,24331.320313,3357600,2020-05-08
68,2020-05-11,24256.449219,24366.210938,24070.220703,24221.990234,24221.990234,3524000,2020-05-11
69,2020-05-12,24292.839844,24382.089844,23761.580078,23764.779297,23764.779297,3594800,2020-05-12
70,2020-05-13,23702.160156,23708.900391,23067.640625,23247.970703,23247.970703,4699500,2020-05-13
71,2020-05-14,23049.060547,23630.859375,22789.619141,23625.339844,23625.339844,4727000,2020-05-14
72,2020-05-15,23454.830078,23730.080078,23354.150391,23685.419922,23685.419922,4915100,2020-05-15
73,2020-05-18,24059.980469,24708.539063,24059.980469,24597.369141,24597.369141,4841900,2020-05-18
74,2020-05-19,24577.480469,24599.5,24202.960938,24206.859375,24206.859375,3741000,2020-05-19
75,2020-05-20,24455.939453,24649.480469,24455.939453,24575.900391,24575.900391,3665100,2020-05-20
76,2020-05-21,24564.269531,24718.460938,24370.880859,24474.119141,24474.119141,3467700,2020-05-21
77,2020-05-22,24461.980469,24481.640625,24294.070313,24465.160156,24465.160156,2556600,2020-05-22
78,2020-05-26,24781.839844,25176.419922,24781.839844,24995.109375,24995.109375,4243800,2020-05-26
79,2020-05-27,25298.630859,25551.560547,25009.869141,25548.269531,25548.269531,4112300,2020-05-27
80,2020-05-28,25697.359375,25758.789063,25358.730469,25400.640625,25400.640625,3778000,2020-05-28
81,2020-05-29,25324.150391,25482.800781,25031.669922,25383.109375,25383.109375,5276200,2020-05-29
82,2020-06-01,25342.990234,25508.830078,25220.660156,25475.019531,25475.019531,3383100,2020-06-01
83,2020-06-02,25582.519531,25743.130859,25523.740234,25742.650391,25742.650391,3526100,2020-06-02
84,2020-06-03,25906.880859,26337.75,25906.880859,26269.890625,26269.890625,3987900,2020-06-03
85,2020-06-04,26226.490234,26384.099609,26082.310547,26281.820313,26281.820313,3721900,2020-06-04
86,2020-06-05,26836.800781,27338.300781,26836.800781,27110.980469,27110.980469,5423100,2020-06-05
87,2020-06-08,27232.929688,27580.210938,27232.480469,27572.439452999995,27572.439452999995,4302000,2020-06-08
88,2020-06-09,27447.369141000003,27447.369141000003,27151.060547000005,27272.300781,27272.300781,3814300,2020-06-09
89,2020-06-10,27251.890625,27355.220702999995,26938.050781,26989.990233999997,26989.990233999997,4489300,2020-06-10
90,2020-06-11,26282.509766,26294.080078,25082.720703,25128.169922,25128.169922,6477800,2020-06-11
91,2020-06-12,25659.419922,25965.550781,25078.410156,25605.539063,25605.539063,5144400,2020-06-12
92,2020-06-15,25270.390625,25891.580078,24843.179688,25763.160156,25763.160156,4612300,2020-06-15
93,2020-06-16,26326.679688,26611.029297,25811.699219,26289.980469,26289.980469,4895000,2020-06-16
94,2020-06-17,26330.519531,26400.070313,26068.410156,26119.609375,26119.609375,3288300,2020-06-17
95,2020-06-18,26016.449219,26154.199219,25848.529297,26080.099609,26080.099609,3283900,2020-06-18
96,2020-06-19,26213.099609,26451.439453,25759.660156,25871.460938,25871.460938,6693900,2020-06-19
97,2020-06-22,25865.080078,26059.810547,25667.679688,26024.960938,26024.960938,3517800,2020-06-22
98,2020-06-23,26159.390625,26314.970703,26105.970703,26156.099609,26156.099609,3899800,2020-06-23
99,2020-06-24,25992.960938,25992.960938,25296.730469,25445.939453,25445.939453,4501200,2020-06-24
100,2020-06-25,25365.220703,25769.609375,25209.789063,25745.599609,25745.599609,3845600,2020-06-25
101,2020-06-26,25641.689453,25641.689453,24971.029297,25015.550781,25015.550781,6408600,2020-06-26
102,2020-06-29,25152.449219,25601.150391,25096.160156,25595.800781,25595.800781,3780700,2020-06-29
103,2020-06-30,25512.429688,25905.380859,25475.140625,25812.880859,25812.880859,4107800,2020-06-30
104,2020-07-01,25879.380859,26019.310547,25713.609375,25734.970703,25734.970703,3731800,2020-07-01
105,2020-07-02,25936.449219,26204.410156,25778.119141,25827.359375,25827.359375,3491300,2020-07-02
106,2020-07-06,25996.080078,26297.529297,25996.080078,26287.029297,26287.029297,3406900,2020-07-06
107,2020-07-07,26172.009766,26174.929688,25866.580078,25890.179688,25890.179688,3468200,2020-07-07
108,2020-07-08,25950.060547,26109.490234,25816.25,26067.279297,26067.279297,3373000,2020-07-08
109,2020-07-09,26094.919922,26103.279297,25523.509766,25706.089844,25706.089844,3876100,2020-07-09
110,2020-07-10,25690.349609,26101.320313,25637.5,26075.300781,26075.300781,3381700,2020-07-10
111,2020-07-13,26225.070313,26639.089844,26044.230469,26085.800781,26085.800781,4253200,2020-07-13
112,2020-07-14,26044.169922,26690.519531,25994.980469,26642.589844,26642.589844,4016400,2020-07-14
113,2020-07-15,27009.810547000005,27071.330077999995,26692.480469,26870.099608999997,26870.099608999997,3849000,2020-07-15
114,2020-07-16,26746.570313,26879.160156,26590.009766,26734.710938,26734.710938,2873300,2020-07-16
115,2020-07-17,26774.619141,26808.429688,26619.880859,26671.949219,26671.949219,2964600,2020-07-17
116,2020-07-20,26660.289063,26765.019531,26504.199219,26680.869141,26680.869141,3093900,2020-07-20
117,2020-07-21,26833.140625,27025.380858999997,26766.220703,26840.400391,26840.400391,3649300,2020-07-21
118,2020-07-22,26824.560547,27035.240233999997,26794.189453,27005.839844,27005.839844,4043400,2020-07-22
119,2020-07-23,26955.970702999995,26973.849608999997,26560.039063,26652.330078,26652.330078,4198000,2020-07-23
120,2020-07-24,26533.410156,26625.699219,26402.859375,26469.890625,26469.890625,4941700,2020-07-24
121,2020-07-27,26447.669922,26625.460938,26426.919922,26584.769531,26584.769531,4009300,2020-07-27
122,2020-07-28,26529.449219,26556.839844,26361.710938,26379.279297,26379.279297,3610900,2020-07-28
123,2020-07-29,26388.439453,26602.449219,26375.390625,26539.570313,26539.570313,3475800,2020-07-29
124,2020-07-30,26367.419922,26374.929688,25992.279297,26313.650391,26313.650391,3515400,2020-07-30
125,2020-07-31,26409.330078,26440.019531,26013.589844,26428.320313,26428.320313,4880500,2020-07-31
126,2020-08-03,26542.320313,26707.259766,26534.380859,26664.400391,26664.400391,4393800,2020-08-03
127,2020-08-04,26664.609375,26832.720703,26597.820313,26828.470703,26828.470703,3463500,2020-08-04
128,2020-08-05,26924.779297000005,27221.669922000005,26924.779297000005,27201.519531,27201.519531,3660000,2020-08-05
129,2020-08-06,27170.820313,27394.099608999997,27145.25,27386.980469,27386.980469,3224600,2020-08-06
130,2020-08-07,27321.679688,27456.240233999997,27223.550781,27433.480469,27433.480469,3211700,2020-08-07
131,2020-08-10,27488.210938,27803.859375,27488.210938,27791.439452999995,27791.439452999995,3603400,2020-08-10
132,2020-08-11,27961.640625,28154.880858999997,27624.509766000003,27686.910156,27686.910156,4282200,2020-08-11
133,2020-08-12,27860.240233999997,28043.890625,27843.320313,27976.839844,27976.839844,3402100,2020-08-12
134,2020-08-13,27922.509766000003,27986.099608999997,27789.779297000005,27896.720702999995,27896.720702999995,3601600,2020-08-13
135,2020-08-14,27828.929688,27977.810547000005,27759.390625,27931.019531,27931.019531,2755400,2020-08-14
136,2020-08-17,27970.050781,27999.810547000005,27816.400391000003,27844.910156,27844.910156,2868600,2020-08-17
137,2020-08-18,27853.480469,27891.119141000003,27668.789063,27778.070313,27778.070313,2761700,2020-08-18
138,2020-08-19,27811.259766000003,27920.419922000005,27647.669922000005,27692.880858999997,27692.880858999997,3114600,2020-08-19
139,2020-08-20,27622.679688,27781.460938,27526.25,27739.730469,27739.730469,3045500,2020-08-20
140,2020-08-21,27758.130858999997,27959.480469,27686.779297000005,27930.330077999995,27930.330077999995,3727200,2020-08-21
141,2020-08-24,28077.580077999995,28314.939452999995,28041.75,28308.460938,28308.460938,3838800,2020-08-24
142,2020-08-25,28347.419922000005,28400.740233999997,28094.570313,28248.439452999995,28248.439452999995,3384200,2020-08-25
143,2020-08-26,28257.880858999997,28353.800781,28153.910156,28331.919922000005,28331.919922000005,3270700,2020-08-26
144,2020-08-27,28384.070313,28634.220702999995,28363.929688,28492.269531,28492.269531,4043400,2020-08-27
145,2020-08-28,28601.289063,28733.349608999997,28487.980469,28653.869141000003,28653.869141000003,3697400,2020-08-28
146,2020-08-31,28643.660156,28643.660156,28363.550781,28430.050781,28430.050781,5173200,2020-08-31
147,2020-09-01,28439.609375,28659.259766000003,28290.720702999995,28645.660156,28645.660156,4234100,2020-09-01
148,2020-09-02,28736.789063,29162.880858999997,28713.529297000005,29100.5,29100.5,5395100,2020-09-02
149,2020-09-03,29090.699219,29199.349608999997,28074.759766000003,28292.730469,28292.730469,6500800,2020-09-03
150,2020-09-04,28341.050781,28539.75,27664.679688,28133.310547000005,28133.310547000005,6946400,2020-09-04
151,2020-09-08,27925.230469,27925.230469,27464.900391000003,27500.890625,27500.890625,5808600,2020-09-08
152,2020-09-09,27711.710938,28206.210938,27704.539063,27940.470702999995,27940.470702999995,4605900,2020-09-09
153,2020-09-10,28022.509766000003,28174.779297000005,27447.080077999995,27534.580077999995,27534.580077999995,4428500,2020-09-10
154,2020-09-11,27613.859375,27828.820313,27448.150391000003,27665.640625,27665.640625,4353300,2020-09-11
155,2020-09-14,27718.740233999997,28086.060547000005,27718.740233999997,27993.330077999995,27993.330077999995,3807500,2020-09-14
156,2020-09-15,28139.759766000003,28231.060547000005,27931.449219,27995.599608999997,27995.599608999997,4145200,2020-09-15
157,2020-09-16,28031.689452999995,28364.769531,28021.669922000005,28032.380858999997,28032.380858999997,4166500,2020-09-16
158,2020-09-17,27834.179688,28056.789063,27647.929688,27901.980469,27901.980469,4372300,2020-09-17
159,2020-09-18,27864.869141000003,27946.689452999995,27487.970702999995,27657.419922000005,27657.419922000005,6987100,2020-09-18
160,2020-09-21,27484.710938,27484.710938,26715.150391,27147.699219,27147.699219,5236600,2020-09-21
161,2020-09-22,27170.339844,27333.089844,26989.929688,27288.179688,27288.179688,4207200,2020-09-22
162,2020-09-23,27413.599608999997,27464.460938,26716.119141,26763.130859,26763.130859,4594700,2020-09-23
163,2020-09-24,26716.089844,27094.849608999997,26537.009766,26815.439453,26815.439453,4478100,2020-09-24
164,2020-09-25,26694.509766,27239.289063,26635.380859,27173.960938,27173.960938,3889000,2020-09-25
165,2020-09-28,27362.140625,27722.599608999997,27362.140625,27584.060547000005,27584.060547000005,4018600,2020-09-28
166,2020-09-29,27560.240233999997,27605.599608999997,27338.089844,27452.660156,27452.660156,3038200,2020-09-29
167,2020-09-30,27514.640625,28026.330077999995,27511.060547000005,27781.699219,27781.699219,4525500,2020-09-30
168,2020-10-01,27940.630858999997,28041.460938,27669.259766000003,27816.900391000003,27816.900391000003,3734500,2020-10-01
169,2020-10-02,27536.390625,27861.429688,27382.939452999995,27682.810547000005,27682.810547000005,3927700,2020-10-02
170,2020-10-05,27825.419922000005,28162.640625,27825.419922000005,28148.640625,28148.640625,3182100,2020-10-05
171,2020-10-06,28214.240233999997,28354.480469,27728.029297000005,27772.759766000003,27772.759766000003,4350300,2020-10-06
172,2020-10-07,27971.359375,28369.660156,27971.359375,28303.460938,28303.460938,3287500,2020-10-07
173,2020-10-08,28348.859375,28459.130858999997,28265.560547000005,28425.509766000003,28425.509766000003,3147500,2020-10-08
174,2020-10-09,28533.609375,28676.289063,28440.630858999997,28586.900391000003,28586.900391000003,3240500,2020-10-09
175,2020-10-12,28671.119141000003,28957.900391000003,28659.669922000005,28837.519531,28837.519531,4936800,2020-10-12
176,2020-10-13,28764.949219,28808.839844,28604.349608999997,28679.810547000005,28679.810547000005,5261100,2020-10-13
177,2020-10-14,28731.300781,28792.560547000005,28461.730469,28514.0,28514.0,3708000,2020-10-14
178,2020-10-15,28323.400391000003,28535.849608999997,28181.539063,28494.199219,28494.199219,3289400,2020-10-15
179,2020-10-16,28570.720702999995,28842.900391000003,28570.720702999995,28606.310547000005,28606.310547000005,3561400,2020-10-16
180,2020-10-19,28633.550781,28711.929688,28139.400391000003,28195.419922000005,28195.419922000005,3587000,2020-10-19
181,2020-10-20,28245.849608999997,28575.029297000005,28243.039063,28308.789063,28308.789063,3502200,2020-10-20
182,2020-10-21,28270.660156,28450.640625,28196.390625,28210.820313,28210.820313,2994200,2020-10-21
183,2020-10-22,28197.419922000005,28421.310547000005,28040.179688,28363.660156,28363.660156,3303200,2020-10-22
184,2020-10-23,28409.650391000003,28436.519531,28149.820313,28335.570313,28335.570313,3473000,2020-10-23
185,2020-10-26,28185.820313,28185.820313,27370.160156,27685.380858999997,27685.380858999997,4041500,2020-10-26
186,2020-10-27,27651.179688,27707.689452999995,27457.960938,27463.189452999995,27463.189452999995,3664000,2020-10-27
187,2020-10-28,27102.140625,27102.140625,26497.390625,26519.949219,26519.949219,4961500,2020-10-28
188,2020-10-29,26480.980469,26891.890625,26290.779297,26659.109375,26659.109375,4197700,2020-10-29
189,2020-10-30,26572.269531,26639.179688,26143.769531,26501.599609,26501.599609,5048200,2020-10-30
190,2020-11-02,26691.279297,27043.480469,26691.279297,26925.050781,26925.050781,3799900,2020-11-02
191,2020-11-03,27138.689452999995,27640.210938,27138.689452999995,27480.029297000005,27480.029297000005,3509800,2020-11-03
192,2020-11-04,27512.830077999995,28301.5,27512.830077999995,27847.660156,27847.660156,4478600,2020-11-04
193,2020-11-05,28083.369141000003,28495.050781,28083.369141000003,28390.179688,28390.179688,3901400,2020-11-05
194,2020-11-06,28399.130858999997,28431.960938,28189.5,28323.400391000003,28323.400391000003,3267100,2020-11-06
195,2020-11-09,29467.900391000003,29933.830077999995,29130.660156,29157.970702999995,29157.970702999995,6733100,2020-11-09
196,2020-11-10,29254.169922000005,29478.859375,29126.990233999997,29420.919922000005,29420.919922000005,5269800,2020-11-10
197,2020-11-11,29524.349608999997,29593.109375,29281.220702999995,29397.630858999997,29397.630858999997,3767000,2020-11-11
198,2020-11-12,29231.910156,29311.830077999995,28902.130858999997,29080.169922000005,29080.169922000005,3693200,2020-11-12
199,2020-11-13,29203.900391000003,29559.25,29203.900391000003,29479.810547000005,29479.810547000005,3488100,2020-11-13
200,2020-11-16,29672.359375,29964.289063,29672.359375,29950.439452999995,29950.439452999995,4182900,2020-11-16
201,2020-11-17,29800.150391000003,29872.419922000005,29520.289063,29783.349608999997,29783.349608999997,3723800,2020-11-17
202,2020-11-18,29875.400391000003,29930.849608999997,29432.839844,29438.419922000005,29438.419922000005,3828500,2020-11-18
203,2020-11-19,29370.919922000005,29524.900391000003,29228.380858999997,29483.230469,29483.230469,3313300,2020-11-19
204,2020-11-20,29437.570313,29469.890625,29231.199219,29263.480469,29263.480469,3053500,2020-11-20
205,2020-11-23,29332.820313,29667.75,29332.820313,29591.269531,29591.269531,3872000,2020-11-23
206,2020-11-24,29746.109375,30116.509766000003,29746.109375,30046.240233999997,30046.240233999997,4327600,2020-11-24
207,2020-11-25,30058.869141000003,30058.869141000003,29806.25,29872.470702999995,29872.470702999995,3230300,2020-11-25
208,2020-11-27,29911.330077999995,30015.130858999997,29819.980469,29910.369141000003,29910.369141000003,1770400,2020-11-27
209,2020-11-30,29854.509766000003,29854.509766000003,29463.640625,29638.640625,29638.640625,5513500,2020-11-30
210,2020-12-01,29797.5,30083.310547000005,29797.5,29823.919922000005,29823.919922000005,4295100,2020-12-01
211,2020-12-02,29695.089844,29902.509766000003,29599.289063,29883.789063,29883.789063,3852800,2020-12-02
212,2020-12-03,29920.830077999995,30110.880858999997,29877.269531,29969.519531,29969.519531,4056800,2020-12-03
213,2020-12-04,29989.560547000005,30218.259766000003,29989.560547000005,30218.259766000003,30218.259766000003,3565900,2020-12-04
214,2020-12-07,30233.029297000005,30233.029297000005,29967.220702999995,30069.789063,30069.789063,3658100,2020-12-07
215,2020-12-08,29997.949219,30246.220702999995,29972.070313,30173.880858999997,30173.880858999997,3111900,2020-12-08
216,2020-12-09,30229.810547000005,30319.699219,29951.849608999997,30068.810547000005,30068.810547000005,3805200,2020-12-09
217,2020-12-10,30032.550781,30063.869141000003,29876.820313,29999.259766000003,29999.259766000003,3255500,2020-12-10
218,2020-12-11,29988.210938,30071.130858999997,29820.839844,30046.369141000003,30046.369141000003,3938700,2020-12-11
219,2020-12-14,30123.910156,30325.789063,29849.150391000003,29861.550781,29861.550781,3719800,2020-12-14
220,2020-12-15,29919.089844,30243.259766000003,29894.949219,30199.310547000005,30199.310547000005,4177700,2020-12-15
221,2020-12-16,30191.380858999997,30236.029297000005,30080.109375,30154.539063,30154.539063,3445900,2020-12-16
222,2020-12-17,30216.0,30323.779297000005,30216.0,30303.369141000003,30303.369141000003,3455300,2020-12-17
223,2020-12-18,30314.259766000003,30343.589844,30029.439452999995,30179.050781,30179.050781,7820700,2020-12-18
224,2020-12-21,30159.0,30304.140625,29755.529297000005,30216.449219,30216.449219,4374800,2020-12-21
225,2020-12-22,30200.199219,30200.199219,29992.890625,30015.509766000003,30015.509766000003,3888100,2020-12-22
226,2020-12-23,30046.730469,30292.529297000005,30046.730469,30129.830077999995,30129.830077999995,2740500,2020-12-23
227,2020-12-24,30155.919922000005,30209.669922000005,30099.300781,30199.869141000003,30199.869141000003,1455700,2020-12-24
228,2020-12-28,30283.230469,30525.560547000005,30283.230469,30403.970702999995,30403.970702999995,3024900,2020-12-28
229,2020-12-29,30492.070313,30588.789063,30274.240233999997,30335.669922000005,30335.669922000005,3576100,2020-12-29
230,2020-12-30,30415.089844,30525.349608999997,30393.039063,30409.560547000005,30409.560547000005,2918900,2020-12-30
231,2020-12-31,30417.640625,30637.470702999995,30344.5,30606.480469,30606.480469,2844700,2020-12-31
232,2021-01-04,30627.470702999995,30674.279297000005,29881.820313,30223.890625,30223.890625,4750800,2021-01-04
233,2021-01-05,30204.25,30504.890625,30141.779297000005,30391.599608999997,30391.599608999997,3509100,2021-01-05
234,2021-01-06,30362.779297000005,31022.650391000003,30313.070313,30829.400391000003,30829.400391000003,5004300,2021-01-06
235,2021-01-07,30901.179688,31193.400391000003,30897.859375,31041.130858999997,31041.130858999997,4278100,2021-01-07
236,2021-01-08,31069.580077999995,31140.669922000005,30793.269531,31097.970702999995,31097.970702999995,3811500,2021-01-08
237,2021-01-11,31015.369141000003,31096.980469,30832.060547000005,31008.689452999995,31008.689452999995,3565400,2021-01-11
238,2021-01-12,31015.009766000003,31114.560547000005,30888.759766000003,31068.689452999995,31068.689452999995,3626200,2021-01-12
239,2021-01-13,31084.880858999997,31153.369141000003,30992.050781,31060.470702999995,31060.470702999995,4132500,2021-01-13
240,2021-01-14,31085.669922000005,31223.779297000005,30982.240233999997,30991.519531,30991.519531,4278100,2021-01-14
241,2021-01-15,30926.769531,30941.980469,30612.669922000005,30814.259766000003,30814.259766000003,4330000,2021-01-15
242,2021-01-19,30887.419922000005,31086.619141000003,30865.029297000005,30930.519531,30930.519531,3864000,2021-01-19
243,2021-01-20,31017.539063,31235.980469,30997.789063,31188.380858999997,31188.380858999997,3849800,2021-01-20
244,2021-01-21,31198.009766000003,31272.220702999995,31120.919922000005,31176.009766000003,31176.009766000003,4187800,2021-01-21
245,2021-01-22,31141.560547000005,31141.560547000005,30908.470702999995,30996.980469,30996.980469,4360400,2021-01-22
246,2021-01-25,30989.849608999997,30989.849608999997,30564.060547000005,30960.0,30960.0,4728900,2021-01-25
247,2021-01-26,30968.550781,31121.419922000005,30921.710938,30937.039063,30937.039063,3731500,2021-01-26
248,2021-01-27,30893.779297000005,30893.779297000005,30206.910156,30303.169922000005,30303.169922000005,5664700,2021-01-27
249,2021-01-28,30377.189452999995,30951.410156,30377.189452999995,30603.359375,30603.359375,4651400,2021-01-28
250,2021-01-29,30553.910156,30553.910156,29856.300781,29982.619141000003,29982.619141000003,5363200,2021-01-29
251,2021-02-01,30054.730469,30335.910156,30014.970702999995,30211.910156,30211.910156,3470600,2021-02-01
252,2021-02-02,30276.880858999997,30840.539063,30276.880858999997,30687.480469,30687.480469,3331600,2021-02-02
253,2021-02-03,30689.650391000003,30793.410156,30521.310547000005,30723.599608999997,30723.599608999997,3055900,2021-02-03
254,2021-02-04,30737.779297000005,31065.960938,30737.779297000005,31055.859375,31055.859375,3383300,2021-02-04
255,2021-02-05,31093.810547000005,31252.179688,31083.220702999995,31148.240233999997,31148.240233999997,2935500,2021-02-05
256,2021-02-08,31191.199219,31386.099608999997,31191.199219,31385.759766000003,31385.759766000003,3222500,2021-02-08
257,2021-02-09,31359.880858999997,31439.470702999995,31245.859375,31375.830077999995,31375.830077999995,3082100,2021-02-09
258,2021-02-10,31428.019531,31511.439452999995,31221.320313,31437.800781,31437.800781,3264500,2021-02-10
259,2021-02-11,31466.490233999997,31543.820313,31244.359375,31430.699219,31430.699219,2803200,2021-02-11
260,2021-02-12,31420.800781,31475.310547000005,31347.800781,31458.400391000003,31458.400391000003,2630900,2021-02-12
261,2021-02-16,31472.080077999995,31608.630858999997,31443.480469,31522.75,31522.75,3292100,2021-02-16
262,2021-02-17,31485.609375,31643.699219,31338.759766000003,31613.019531,31613.019531,3435100,2021-02-17
263,2021-02-18,31558.599608999997,31558.599608999997,31285.320313,31493.339844,31493.339844,3259900,2021-02-18
264,2021-02-19,31504.130858999997,31647.529297000005,31469.339844,31494.320313,31494.320313,3530700,2021-02-19
265,2021-02-22,31381.119141000003,31653.480469,31286.570313,31521.689452999995,31521.689452999995,3872100,2021-02-22
266,2021-02-23,31501.890625,31653.380858999997,31158.759766000003,31537.349608999997,31537.349608999997,4604100,2021-02-23
267,2021-02-24,31499.75,32009.640625,31421.289063,31961.859375,31961.859375,4101500,2021-02-24
268,2021-02-25,31955.939452999995,31984.769531,31293.320313,31402.009766000003,31402.009766000003,4541100,2021-02-25
269,2021-02-26,31401.289063,31450.890625,30911.369141000003,30932.369141000003,30932.369141000003,5322500,2021-02-26
270,2021-03-01,31065.900391000003,31668.339844,31065.900391000003,31535.509766000003,31535.509766000003,3856700,2021-03-01
271,2021-03-02,31535.369141000003,31623.269531,31377.160156,31391.519531,31391.519531,3372700,2021-03-02
272,2021-03-03,31352.960938,31563.310547000005,31260.140625,31270.089844,31270.089844,4096600,2021-03-03
273,2021-03-04,31289.009766000003,31461.970702999995,30547.529297000005,30924.140625,30924.140625,5378500,2021-03-04
274,2021-03-05,31029.179688,31580.330077999995,30766.810547000005,31496.300781,31496.300781,5018100,2021-03-05
275,2021-03-08,31512.150391000003,32148.039063,31512.150391000003,31802.439452999995,31802.439452999995,4969800,2021-03-08
276,2021-03-09,31892.349608999997,32150.320313,31822.640625,31832.740233999997,31832.740233999997,4586900,2021-03-09
277,2021-03-10,31906.960938,32389.5,31906.960938,32297.019531,32297.019531,4091100,2021-03-10
278,2021-03-11,32354.5,32661.589844,32345.699219,32485.589844,32485.589844,4000200,2021-03-11
279,2021-03-12,32462.400391000003,32793.320313,32462.400391000003,32778.640625,32778.640625,3464000,2021-03-12
280,2021-03-15,32798.839844,32973.398438,32629.75,32953.460938,32953.460938,3600800,2021-03-15
281,2021-03-16,32966.75,32966.75,32778.230469,32825.949219,32825.949219,3863700,2021-03-16
282,2021-03-17,32825.519531,33047.578125,32782.179688,33015.371094,33015.371094,3912000,2021-03-17
283,2021-03-18,32928.160156,33227.78125,32831.25,32862.300781,32862.300781,418480000,2021-03-18
284,2021-03-19,32858.359375,32858.359375,32505.070313,32627.970702999995,32627.970702999995,811890000,2021-03-19
285,2021-03-22,32601.820313,32810.351563,32512.529297000005,32731.199219,32731.199219,383500000,2021-03-22
286,2021-03-23,32691.5,32753.769531,32356.279297000005,32423.150391000003,32423.150391000003,385840000,2021-03-23
287,2021-03-24,32470.880858999997,32787.988281,32418.150391000003,32420.060547000005,32420.060547000005,399390000,2021-03-24
288,2021-03-25,32346.810547000005,32672.689452999995,32071.410156,32619.480469,32619.480469,411990000,2021-03-25
289,2021-03-26,32681.070313,33098.828125,32681.070313,33072.878906,33072.878906,382170000,2021-03-26
290,2021-03-29,33087.550781,33259.0,32905.128906,33171.371094,33171.371094,351610000,2021-03-29
291,2021-03-30,33127.878906,33170.929688,32988.921875,33066.960938,33066.960938,307510000,2021-03-30
292,2021-03-31,33116.039063,33173.769531,32980.570313,32981.550781,32981.550781,414140000,2021-03-31
293,2021-04-01,33054.578125,33167.171875,32985.351563,33153.210938,33153.210938,311880000,2021-04-01
294,2021-04-05,33222.378906,33617.949219,33222.378906,33527.191406,33527.191406,344270000,2021-04-05
295,2021-04-06,33500.019531,33544.789063,33380.429688,33430.238281,33430.238281,297940000,2021-04-06
296,2021-04-07,33444.980469,33521.761719,33347.960938,33446.261719,33446.261719,273440000,2021-04-07
297,2021-04-08,33469.890625,33506.800781,33342.640625,33503.570313,33503.570313,304040000,2021-04-08
298,2021-04-09,33526.191406,33810.871094,33526.191406,33800.601563,33800.601563,316410000,2021-04-09
299,2021-04-12,33775.058594,33786.191406,33665.539063,33745.398438,33745.398438,327370000,2021-04-12
300,2021-04-13,33721.160156,33741.640625,33545.839844,33677.269531,33677.269531,324480000,2021-04-13
301,2021-04-14,33668.949219,33911.25,33668.949219,33730.890625,33730.890625,315330000,2021-04-14
302,2021-04-15,33788.53125,34068.730469,33788.53125,34035.988281,34035.988281,319680000,2021-04-15
303,2021-04-16,34058.160156,34256.75,34058.160156,34200.671875,34200.671875,343760000,2021-04-16
304,2021-04-19,34182.378906,34182.378906,33980.558594,34077.628906,34077.628906,312540000,2021-04-19
305,2021-04-20,34034.179688,34034.179688,33687.011719,33821.300781,33821.300781,350960000,2021-04-20
306,2021-04-21,33808.300781,34160.339844,33773.800781,34137.308594,34137.308594,290300000,2021-04-21
307,2021-04-22,34109.878906,34126.570313,33717.191406,33815.898438,33815.898438,344470000,2021-04-22
308,2021-04-23,33804.519531,34157.570313,33713.289063,34043.488281,34043.488281,346380000,2021-04-23
309,2021-04-26,34044.230469,34148.941406,33941.371094,33981.570313,33981.570313,279300000,2021-04-26
310,2021-04-27,33932.128906,34043.980469,33870.460938,33984.929688,33984.929688,289030000,2021-04-27
311,2021-04-28,33860.460938,33946.601563,33805.558594,33820.378906,33820.378906,335820000,2021-04-28
312,2021-04-29,33855.640625,34087.210938,33744.28125,34060.359375,34060.359375,408450000,2021-04-29
313,2021-04-30,33988.75,33988.75,33784.960938,33874.851563,33874.851563,374890000,2021-04-30
314,2021-05-03,33904.890625,34221.058594,33904.890625,34113.230469,34113.230469,289770000,2021-05-03
315,2021-05-04,34080.199219,34147.78125,33765.679688,34133.03125,34133.03125,407860000,2021-05-04
316,2021-05-05,34163.988281,34331.199219,34039.660156,34230.339844,34230.339844,253180000,2021-05-05
317,2021-05-06,34245.109375,34561.289063,34185.058594,34548.53125,34548.53125,315430000,2021-05-06
318,2021-05-07,34578.269531,34811.390625,34464.308594,34777.761719,34777.761719,303400000,2021-05-07
319,2021-05-10,34785.269531,35091.558594,34741.570313,34742.820313,34742.820313,370038457,2021-05-10
